time,app,node,postgres,installer,titoli
17:44:19.094,0,0,0,0,"Esperienza input di Windows | ⠂ Controllare stato progetto Tako e continuare sviluppo"
17:44:19.552,0,0,0,0,"Esperienza input di Windows | ⠐ Controllare stato progetto Tako e continuare sviluppo"
17:44:19.981,0,0,0,0,"Esperienza input di Windows | ⠐ Controllare stato progetto Tako e continuare sviluppo"
17:44:20.405,0,0,0,0,"Esperienza input di Windows | ⠂ Controllare stato progetto Tako e continuare sviluppo"
17:44:20.846,0,0,0,0,"Esperienza input di Windows | ⠂ Controllare stato progetto Tako e continuare sviluppo"
17:44:21.263,1,0,0,0,"Esperienza input di Windows | ⠂ Controllare stato progetto Tako e continuare sviluppo"
17:44:21.720,1,2,0,0,"Esperienza input di Windows | ⠂ Controllare stato progetto Tako e continuare sviluppo"
17:44:22.164,1,2,0,0,"Esperienza input di Windows | ⠐ Controllare stato progetto Tako e continuare sviluppo"
17:44:22.602,1,2,0,0,"Esperienza input di Windows | ⠐ Controllare stato progetto Tako e continuare sviluppo"
17:44:23.060,1,2,0,0,"Aggiornamento Tako | Esperienza input di Windows | ⠐ Controllare stato progetto Tako e continuare sviluppo"
17:44:23.593,1,2,0,0,"Aggiornamento Tako | Esperienza input di Windows | ⠐ Controllare stato progetto Tako e continuare sviluppo"
17:44:24.024,1,2,0,0,"Aggiornamento Tako | Esperienza input di Windows | ⠐ Controllare stato progetto Tako e continuare sviluppo"
17:44:24.451,1,2,0,0,"Aggiornamento Tako | Esperienza input di Windows | ⠐ Controllare stato progetto Tako e continuare sviluppo"
17:44:24.884,1,2,0,0,"Aggiornamento Tako | Esperienza input di Windows | ⠐ Controllare stato progetto Tako e continuare sviluppo"
17:44:25.369,1,2,0,0,"Aggiornamento Tako | Esperienza input di Windows | ⠐ Controllare stato progetto Tako e continuare sviluppo"
17:44:25.788,1,2,1,0,"Aggiornamento Tako | Esperienza input di Windows | ⠐ Controllare stato progetto Tako e continuare sviluppo"
17:44:26.217,1,2,9,0,"Aggiornamento Tako | Esperienza input di Windows | ⠐ Controllare stato progetto Tako e continuare sviluppo"
17:44:26.647,1,2,9,0,"Aggiornamento Tako | Esperienza input di Windows | ⠐ Controllare stato progetto Tako e continuare sviluppo"
17:44:27.065,1,2,9,0,"Aggiornamento Tako | Esperienza input di Windows | ⠐ Controllare stato progetto Tako e continuare sviluppo"
17:44:27.499,1,2,9,0,"Aggiornamento Tako | Esperienza input di Windows | ⠐ Controllare stato progetto Tako e continuare sviluppo"
17:44:27.925,1,2,9,0,"Aggiornamento Tako | Esperienza input di Windows | ⠐ Controllare stato progetto Tako e continuare sviluppo"
17:44:28.385,1,2,9,0,"Aggiornamento Tako | Esperienza input di Windows | ⠐ Controllare stato progetto Tako e continuare sviluppo"
17:44:28.819,1,2,9,0,"Aggiornamento Tako | Esperienza input di Windows | ⠐ Controllare stato progetto Tako e continuare sviluppo"
17:44:29.250,1,2,9,0,"Esperienza input di Windows | ⠐ Controllare stato progetto Tako e continuare sviluppo"
17:44:29.685,1,2,10,0,"Esperienza input di Windows | ⠐ Controllare stato progetto Tako e continuare sviluppo"
17:44:30.104,1,2,15,0,"Esperienza input di Windows | ⠐ Controllare stato progetto Tako e continuare sviluppo"
17:44:30.542,1,2,15,0,"Esperienza input di Windows | ⠐ Controllare stato progetto Tako e continuare sviluppo"
17:44:30.974,1,2,15,0,"Esperienza input di Windows | ⠐ Controllare stato progetto Tako e continuare sviluppo"
17:44:31.413,1,2,15,0,"Esperienza input di Windows | ⠐ Controllare stato progetto Tako e continuare sviluppo"
17:44:31.857,1,2,15,0,"Esperienza input di Windows | ⠐ Controllare stato progetto Tako e continuare sviluppo"
17:44:32.286,1,2,15,0,"Esperienza input di Windows | ⠐ Controllare stato progetto Tako e continuare sviluppo"
17:44:32.713,1,2,15,0,"Esperienza input di Windows | ⠐ Controllare stato progetto Tako e continuare sviluppo"
17:44:33.147,1,2,15,0,"Esperienza input di Windows | ⠐ Controllare stato progetto Tako e continuare sviluppo"
17:44:33.569,1,2,15,0,"Esperienza input di Windows | ⠐ Controllare stato progetto Tako e continuare sviluppo"
17:44:33.997,1,2,15,0,"Esperienza input di Windows | ⠐ Controllare stato progetto Tako e continuare sviluppo"
17:44:34.429,1,2,15,0,"Esperienza input di Windows | ⠐ Controllare stato progetto Tako e continuare sviluppo"
17:44:34.866,1,2,15,0,"Esperienza input di Windows | ⠐ Controllare stato progetto Tako e continuare sviluppo"
17:44:35.304,1,2,15,0,"Esperienza input di Windows | ⠐ Controllare stato progetto Tako e continuare sviluppo"
17:44:35.726,1,2,15,0,"Esperienza input di Windows | ⠐ Controllare stato progetto Tako e continuare sviluppo"
17:44:36.162,1,2,15,0,"Esperienza input di Windows | ⠐ Controllare stato progetto Tako e continuare sviluppo"
17:44:36.605,1,2,15,0,"Esperienza input di Windows | ⠐ Controllare stato progetto Tako e continuare sviluppo"
17:44:37.026,1,2,15,0,"Esperienza input di Windows | ⠐ Controllare stato progetto Tako e continuare sviluppo"
17:44:37.458,1,2,15,0,"Esperienza input di Windows | ⠐ Controllare stato progetto Tako e continuare sviluppo"
17:44:37.898,1,2,15,0,"Esperienza input di Windows | ⠐ Controllare stato progetto Tako e continuare sviluppo"
17:44:38.319,1,2,15,0,"Esperienza input di Windows | ⠐ Controllare stato progetto Tako e continuare sviluppo"
17:44:38.739,1,2,15,0,"Esperienza input di Windows | ⠐ Controllare stato progetto Tako e continuare sviluppo"
17:44:39.166,1,2,15,0,"Esperienza input di Windows | ⠐ Controllare stato progetto Tako e continuare sviluppo"
17:44:39.586,1,2,15,0,"Esperienza input di Windows | ⠐ Controllare stato progetto Tako e continuare sviluppo"
17:44:40.008,1,2,15,0,"Esperienza input di Windows | ⠐ Controllare stato progetto Tako e continuare sviluppo"
17:44:40.433,1,2,15,0,"Esperienza input di Windows | ⠐ Controllare stato progetto Tako e continuare sviluppo"
17:44:40.870,1,2,15,0,"Esperienza input di Windows | ⠐ Controllare stato progetto Tako e continuare sviluppo"
17:44:41.285,1,2,15,0,"Esperienza input di Windows | ⠐ Controllare stato progetto Tako e continuare sviluppo"
17:44:41.711,1,2,15,0,"Esperienza input di Windows | ⠐ Controllare stato progetto Tako e continuare sviluppo"
17:44:42.130,1,2,15,0,"Esperienza input di Windows | ⠐ Controllare stato progetto Tako e continuare sviluppo"
17:44:42.550,1,2,15,0,"Esperienza input di Windows | ⠐ Controllare stato progetto Tako e continuare sviluppo"
17:44:42.982,1,2,15,0,"Esperienza input di Windows | ⠐ Controllare stato progetto Tako e continuare sviluppo"
17:44:43.413,1,2,15,0,"Esperienza input di Windows | ⠐ Controllare stato progetto Tako e continuare sviluppo"
17:44:43.835,1,2,15,0,"Esperienza input di Windows | ⠐ Controllare stato progetto Tako e continuare sviluppo"
17:44:44.267,1,2,15,0,"Esperienza input di Windows | ⠐ Controllare stato progetto Tako e continuare sviluppo"
17:44:44.696,1,2,15,0,"Esperienza input di Windows | ⠐ Controllare stato progetto Tako e continuare sviluppo"
17:44:45.115,1,2,15,0,"Esperienza input di Windows | ⠐ Controllare stato progetto Tako e continuare sviluppo"
17:44:45.539,1,2,15,0,"Esperienza input di Windows | ⠐ Controllare stato progetto Tako e continuare sviluppo"
17:44:45.960,1,2,15,0,"Esperienza input di Windows | ⠐ Controllare stato progetto Tako e continuare sviluppo"
17:44:46.383,1,2,15,0,"Esperienza input di Windows | ⠐ Controllare stato progetto Tako e continuare sviluppo"
17:44:46.803,1,2,15,0,"Esperienza input di Windows | ⠐ Controllare stato progetto Tako e continuare sviluppo"
17:44:47.224,1,2,15,0,"Esperienza input di Windows | ⠐ Controllare stato progetto Tako e continuare sviluppo"
17:44:47.662,1,2,15,0,"Esperienza input di Windows | ⠐ Controllare stato progetto Tako e continuare sviluppo"
17:44:48.084,1,2,15,0,"Esperienza input di Windows | ⠐ Controllare stato progetto Tako e continuare sviluppo"
17:44:48.507,1,2,15,0,"Esperienza input di Windows | ⠐ Controllare stato progetto Tako e continuare sviluppo"
17:44:48.930,1,2,15,0,"Esperienza input di Windows | ⠐ Controllare stato progetto Tako e continuare sviluppo"
17:44:49.355,1,2,15,0,"Esperienza input di Windows | ⠐ Controllare stato progetto Tako e continuare sviluppo"
17:44:49.790,1,2,15,0,"Esperienza input di Windows | ⠐ Controllare stato progetto Tako e continuare sviluppo"
17:44:50.260,1,2,15,0,"Esperienza input di Windows | ⠐ Controllare stato progetto Tako e continuare sviluppo"
17:44:50.692,1,2,15,0,"Esperienza input di Windows | ⠐ Controllare stato progetto Tako e continuare sviluppo"
17:44:51.120,1,2,15,0,"Esperienza input di Windows | ⠐ Controllare stato progetto Tako e continuare sviluppo"
17:44:51.555,1,2,15,0,"Esperienza input di Windows | ⠐ Controllare stato progetto Tako e continuare sviluppo"
17:44:51.980,1,2,15,0,"Esperienza input di Windows | ⠐ Controllare stato progetto Tako e continuare sviluppo"
17:44:52.412,1,2,15,0,"Esperienza input di Windows | ⠐ Controllare stato progetto Tako e continuare sviluppo"
17:44:52.843,1,2,15,0,"Esperienza input di Windows | ⠐ Controllare stato progetto Tako e continuare sviluppo"
17:44:53.274,1,2,15,0,"Esperienza input di Windows | ⠐ Controllare stato progetto Tako e continuare sviluppo"
17:44:53.695,1,2,15,0,"Esperienza input di Windows | ⠐ Controllare stato progetto Tako e continuare sviluppo"
17:44:54.124,1,2,15,0,"Esperienza input di Windows | ⠐ Controllare stato progetto Tako e continuare sviluppo"
17:44:54.552,1,2,15,0,"Esperienza input di Windows | ⠐ Controllare stato progetto Tako e continuare sviluppo"
17:44:54.975,1,2,15,0,"Esperienza input di Windows | ⠐ Controllare stato progetto Tako e continuare sviluppo"
17:44:55.396,1,2,15,0,"Esperienza input di Windows | ⠐ Controllare stato progetto Tako e continuare sviluppo"
17:44:55.817,1,2,15,0,"Esperienza input di Windows | ⠐ Controllare stato progetto Tako e continuare sviluppo"
17:44:56.243,1,2,15,0,"Esperienza input di Windows | ⠐ Controllare stato progetto Tako e continuare sviluppo"
17:44:56.663,1,2,15,0,"Esperienza input di Windows | ⠐ Controllare stato progetto Tako e continuare sviluppo"
17:44:57.085,1,2,15,0,"Esperienza input di Windows | ⠐ Controllare stato progetto Tako e continuare sviluppo"
17:44:57.514,1,2,15,0,"Esperienza input di Windows | ⠐ Controllare stato progetto Tako e continuare sviluppo"
17:44:57.944,1,2,15,0,"Esperienza input di Windows | ⠐ Controllare stato progetto Tako e continuare sviluppo"
17:44:58.366,1,2,15,0,"Esperienza input di Windows | ⠐ Controllare stato progetto Tako e continuare sviluppo"
17:44:58.794,1,2,15,0,"Esperienza input di Windows | ⠐ Controllare stato progetto Tako e continuare sviluppo"
17:44:59.225,1,2,15,0,"Esperienza input di Windows | ⠐ Controllare stato progetto Tako e continuare sviluppo"
17:44:59.665,1,2,15,0,"Esperienza input di Windows | ⠐ Controllare stato progetto Tako e continuare sviluppo"
17:45:00.086,1,2,15,0,"Esperienza input di Windows | ⠐ Controllare stato progetto Tako e continuare sviluppo"
17:45:00.508,1,2,15,0,"Esperienza input di Windows | ⠐ Controllare stato progetto Tako e continuare sviluppo"
17:45:00.929,1,2,15,0,"Esperienza input di Windows | ⠐ Controllare stato progetto Tako e continuare sviluppo"
17:45:01.351,1,2,15,0,"Esperienza input di Windows | ⠐ Controllare stato progetto Tako e continuare sviluppo"
17:45:01.771,1,2,15,0,"Esperienza input di Windows | ⠐ Controllare stato progetto Tako e continuare sviluppo"
17:45:02.204,1,2,15,0,"Esperienza input di Windows | ⠐ Controllare stato progetto Tako e continuare sviluppo"
17:45:02.631,1,2,15,0,"Esperienza input di Windows | ⠐ Controllare stato progetto Tako e continuare sviluppo"
17:45:03.056,1,2,15,0,"Esperienza input di Windows | ⠐ Controllare stato progetto Tako e continuare sviluppo"
17:45:03.482,1,2,15,0,"Esperienza input di Windows | Amministratore: ⠐ Controllare stato progetto Tako e continuare sviluppo"
17:45:03.916,1,2,15,0,"Esperienza input di Windows | Amministratore: ⠐ Controllare stato progetto Tako e continuare sviluppo"
17:45:04.336,1,2,15,0,"Esperienza input di Windows | Amministratore: ⠐ Controllare stato progetto Tako e continuare sviluppo"
17:45:04.775,1,2,15,0,"Esperienza input di Windows | Amministratore: ⠐ Controllare stato progetto Tako e continuare sviluppo"
17:45:05.193,1,2,15,0,"Esperienza input di Windows | Amministratore: ⠐ Controllare stato progetto Tako e continuare sviluppo"
17:45:05.616,1,2,15,0,"Esperienza input di Windows | Amministratore: ⠐ Controllare stato progetto Tako e continuare sviluppo"
17:45:06.039,1,2,15,0,"Esperienza input di Windows | Amministratore: ⠐ Controllare stato progetto Tako e continuare sviluppo"
17:45:06.474,1,2,15,0,"Esperienza input di Windows | Amministratore: ⠐ Controllare stato progetto Tako e continuare sviluppo"
17:45:06.978,1,2,15,0,"Esperienza input di Windows | Amministratore: ⠐ Controllare stato progetto Tako e continuare sviluppo"
17:45:07.410,1,2,15,0,"Esperienza input di Windows | Amministratore: ⠐ Controllare stato progetto Tako e continuare sviluppo"
17:45:07.835,1,2,15,0,"Esperienza input di Windows | Amministratore: ⠐ Controllare stato progetto Tako e continuare sviluppo"
17:45:08.256,1,2,15,0,"Esperienza input di Windows | Amministratore: ⠐ Controllare stato progetto Tako e continuare sviluppo"
17:45:08.677,1,2,15,0,"Esperienza input di Windows | Amministratore: ⠐ Controllare stato progetto Tako e continuare sviluppo"
17:45:09.115,1,2,15,0,"Esperienza input di Windows | Amministratore: ⠐ Controllare stato progetto Tako e continuare sviluppo"
17:45:09.539,1,2,15,0,"Esperienza input di Windows | Amministratore: ⠐ Controllare stato progetto Tako e continuare sviluppo"
17:45:09.965,1,2,15,0,"com.tako.dashboard-siw | Esperienza input di Windows | Amministratore: ⠐ Controllare stato progetto Tako e continuare sviluppo"
17:45:10.399,1,2,15,0,"com.tako.dashboard-siw | Esperienza input di Windows | Amministratore: ⠐ Controllare stato progetto Tako e continuare sviluppo"
17:45:10.816,1,2,15,0,"com.tako.dashboard-siw | Esperienza input di Windows | Amministratore: ⠐ Controllare stato progetto Tako e continuare sviluppo"
17:45:11.232,1,2,15,0,"com.tako.dashboard-siw | Esperienza input di Windows | Amministratore: ⠐ Controllare stato progetto Tako e continuare sviluppo"
17:45:11.663,1,2,15,0,"com.tako.dashboard-siw | Esperienza input di Windows | ⠂ Controllare stato progetto Tako e continuare sviluppo"
17:45:12.091,1,2,15,0,"com.tako.dashboard-siw | Esperienza input di Windows | ⠂ Controllare stato progetto Tako e continuare sviluppo"
17:45:12.521,1,2,15,0,"com.tako.dashboard-siw | Esperienza input di Windows | ⠐ Controllare stato progetto Tako e continuare sviluppo"
17:45:12.936,1,2,15,0,"com.tako.dashboard-siw | Esperienza input di Windows | ⠐ Controllare stato progetto Tako e continuare sviluppo"
17:45:13.370,1,2,15,0,"com.tako.dashboard-siw | Esperienza input di Windows | ⠂ Controllare stato progetto Tako e continuare sviluppo"
17:45:13.800,1,2,15,0,"com.tako.dashboard-siw | Esperienza input di Windows | ⠂ Controllare stato progetto Tako e continuare sviluppo"
17:45:14.228,1,2,15,0,"com.tako.dashboard-siw | Esperienza input di Windows | ⠐ Controllare stato progetto Tako e continuare sviluppo"
17:45:14.644,1,2,15,0,"com.tako.dashboard-siw | Esperienza input di Windows | ⠐ Controllare stato progetto Tako e continuare sviluppo"
17:45:15.060,1,2,15,0,"com.tako.dashboard-siw | Esperienza input di Windows | ⠐ Controllare stato progetto Tako e continuare sviluppo"
17:45:15.490,1,2,15,0,"com.tako.dashboard-siw | Esperienza input di Windows | ⠂ Controllare stato progetto Tako e continuare sviluppo"
17:45:15.907,1,2,15,0,"com.tako.dashboard-siw | Esperienza input di Windows | ⠂ Controllare stato progetto Tako e continuare sviluppo"
17:45:16.336,1,2,15,0,"com.tako.dashboard-siw | Esperienza input di Windows | ⠐ Controllare stato progetto Tako e continuare sviluppo"
17:45:16.768,1,2,15,0,"com.tako.dashboard-siw | Esperienza input di Windows | ⠐ Controllare stato progetto Tako e continuare sviluppo"
17:45:17.197,1,2,15,0,"com.tako.dashboard-siw | Esperienza input di Windows | ⠂ Controllare stato progetto Tako e continuare sviluppo"
17:45:17.624,1,2,15,0,"com.tako.dashboard-siw | Esperienza input di Windows | ⠂ Controllare stato progetto Tako e continuare sviluppo"
17:45:18.054,1,2,15,0,"com.tako.dashboard-siw | Esperienza input di Windows | ⠂ Controllare stato progetto Tako e continuare sviluppo"
17:45:18.467,1,2,15,0,"com.tako.dashboard-siw | Esperienza input di Windows | ⠐ Controllare stato progetto Tako e continuare sviluppo"
17:45:18.895,1,2,15,0,"com.tako.dashboard-siw | Esperienza input di Windows | ⠐ Controllare stato progetto Tako e continuare sviluppo"
17:45:19.308,1,2,15,0,"com.tako.dashboard-siw | Esperienza input di Windows | ⠂ Controllare stato progetto Tako e continuare sviluppo"
17:45:19.724,1,2,15,0,"com.tako.dashboard-siw | Esperienza input di Windows | ⠂ Controllare stato progetto Tako e continuare sviluppo"
17:45:20.146,1,2,15,0,"com.tako.dashboard-siw | Esperienza input di Windows | ⠐ Controllare stato progetto Tako e continuare sviluppo"
17:45:20.576,1,2,15,0,"com.tako.dashboard-siw | Esperienza input di Windows | ⠐ Controllare stato progetto Tako e continuare sviluppo"
17:45:21.002,1,2,15,0,"com.tako.dashboard-siw | Esperienza input di Windows | ⠂ Controllare stato progetto Tako e continuare sviluppo"
17:45:21.427,1,2,15,0,"com.tako.dashboard-siw | Esperienza input di Windows | ⠂ Controllare stato progetto Tako e continuare sviluppo"
17:45:21.854,0,2,15,1,"Esperienza input di Windows | ⠂ Controllare stato progetto Tako e continuare sviluppo"
17:45:22.268,0,2,15,1,"Tako Setup  | Esperienza input di Windows | ⠐ Controllare stato progetto Tako e continuare sviluppo"
17:45:22.689,0,2,15,1,"Tako Setup  | Esperienza input di Windows | ⠐ Controllare stato progetto Tako e continuare sviluppo"
17:45:23.108,0,2,15,1,"Tako Setup  | Esperienza input di Windows | ⠂ Controllare stato progetto Tako e continuare sviluppo"
17:45:23.536,0,2,15,1,"Tako Setup  | Esperienza input di Windows | ⠂ Controllare stato progetto Tako e continuare sviluppo"
17:45:23.976,0,2,15,1,"Tako Setup  | Esperienza input di Windows | ⠐ Controllare stato progetto Tako e continuare sviluppo"
17:45:24.402,0,2,15,1,"Tako Setup  | Esperienza input di Windows | ⠐ Controllare stato progetto Tako e continuare sviluppo"
17:45:24.830,0,2,15,1,"Tako Setup  | Esperienza input di Windows | ⠐ Controllare stato progetto Tako e continuare sviluppo"
17:45:25.271,0,2,15,1,"Tako Setup  | Esperienza input di Windows | ⠂ Controllare stato progetto Tako e continuare sviluppo"
17:45:25.701,0,2,15,1,"Tako Setup  | Esperienza input di Windows | ⠂ Controllare stato progetto Tako e continuare sviluppo"
17:45:26.109,0,2,15,1,"Tako Setup  | Esperienza input di Windows | ⠐ Controllare stato progetto Tako e continuare sviluppo"
17:45:26.530,0,2,15,1,"Tako Setup  | Esperienza input di Windows | ⠐ Controllare stato progetto Tako e continuare sviluppo"
17:45:26.966,0,2,15,1,"Tako Setup  | Esperienza input di Windows | ⠂ Controllare stato progetto Tako e continuare sviluppo"
17:45:27.388,0,2,15,1,"Tako Setup  | Esperienza input di Windows | ⠂ Controllare stato progetto Tako e continuare sviluppo"
17:45:27.802,0,2,15,1,"Tako Setup  | Esperienza input di Windows | ⠐ Controllare stato progetto Tako e continuare sviluppo"
17:45:28.228,0,2,15,1,"Tako Setup  | Esperienza input di Windows | ⠐ Controllare stato progetto Tako e continuare sviluppo"
17:45:28.646,0,2,15,1,"Tako Setup  | Esperienza input di Windows | ⠐ Controllare stato progetto Tako e continuare sviluppo"
17:45:29.061,0,2,15,1,"Tako Setup  | Esperienza input di Windows | ⠂ Controllare stato progetto Tako e continuare sviluppo"
17:45:29.478,0,2,15,1,"Tako Setup  | Esperienza input di Windows | ⠂ Controllare stato progetto Tako e continuare sviluppo"
17:45:29.909,0,2,15,1,"Tako Setup  | Esperienza input di Windows | ⠐ Controllare stato progetto Tako e continuare sviluppo"
17:45:30.343,0,2,15,1,"Tako Setup  | Esperienza input di Windows | ⠐ Controllare stato progetto Tako e continuare sviluppo"
17:45:30.770,0,2,15,1,"Tako Setup  | Esperienza input di Windows | ⠂ Controllare stato progetto Tako e continuare sviluppo"
17:45:31.197,0,2,15,1,"Tako Setup  | Esperienza input di Windows | ⠂ Controllare stato progetto Tako e continuare sviluppo"
17:45:31.604,0,2,15,1,"Tako Setup  | Esperienza input di Windows | ⠂ Controllare stato progetto Tako e continuare sviluppo"
17:45:32.031,0,2,15,1,"Tako Setup  | Esperienza input di Windows | ⠐ Controllare stato progetto Tako e continuare sviluppo"
17:45:32.453,0,2,15,1,"Tako Setup  | Esperienza input di Windows | ⠐ Controllare stato progetto Tako e continuare sviluppo"
17:45:32.878,0,2,15,1,"Tako Setup  | Esperienza input di Windows | ⠂ Controllare stato progetto Tako e continuare sviluppo"
17:45:33.305,0,2,15,1,"Tako Setup  | Esperienza input di Windows | ⠂ Controllare stato progetto Tako e continuare sviluppo"
17:45:33.719,0,2,15,1,"Tako Setup  | Esperienza input di Windows | ⠐ Controllare stato progetto Tako e continuare sviluppo"
17:45:34.140,0,2,15,1,"Tako Setup  | Esperienza input di Windows | ⠐ Controllare stato progetto Tako e continuare sviluppo"
17:45:34.544,0,2,15,1,"Tako Setup  | Esperienza input di Windows | ⠐ Controllare stato progetto Tako e continuare sviluppo"
17:45:34.974,0,2,15,1,"Tako Setup  | Esperienza input di Windows | ⠂ Controllare stato progetto Tako e continuare sviluppo"
17:45:35.395,0,2,15,1,"Tako Setup  | Esperienza input di Windows | ⠂ Controllare stato progetto Tako e continuare sviluppo"
17:45:35.821,0,2,15,1,"Tako Setup  | Esperienza input di Windows | ⠐ Controllare stato progetto Tako e continuare sviluppo"
17:45:36.235,0,2,15,1,"Tako Setup  | Esperienza input di Windows | ⠐ Controllare stato progetto Tako e continuare sviluppo"
17:45:36.651,0,2,15,1,"Tako Setup  | Esperienza input di Windows | ⠂ Controllare stato progetto Tako e continuare sviluppo"
17:45:37.068,0,2,15,1,"Tako Setup  | Esperienza input di Windows | ⠂ Controllare stato progetto Tako e continuare sviluppo"
17:45:37.497,0,2,15,1,"Tako Setup  | Esperienza input di Windows | ⠐ Controllare stato progetto Tako e continuare sviluppo"
17:45:37.924,0,2,15,1,"Tako Setup  | Esperienza input di Windows | ⠐ Controllare stato progetto Tako e continuare sviluppo"
17:45:38.340,0,2,15,1,"Tako Setup  | Esperienza input di Windows | ⠐ Controllare stato progetto Tako e continuare sviluppo"
17:45:38.761,0,2,15,1,"Tako Setup  | Esperienza input di Windows | ⠂ Controllare stato progetto Tako e continuare sviluppo"
17:45:39.167,0,2,15,1,"Tako Setup  | Esperienza input di Windows | ⠂ Controllare stato progetto Tako e continuare sviluppo"
17:45:39.574,0,2,15,1,"Tako Setup  | Esperienza input di Windows | ⠐ Controllare stato progetto Tako e continuare sviluppo"
17:45:39.995,0,2,15,1,"Tako Setup  | Esperienza input di Windows | ⠐ Controllare stato progetto Tako e continuare sviluppo"
17:45:40.423,0,2,15,1,"Tako Setup  | Esperienza input di Windows | ⠂ Controllare stato progetto Tako e continuare sviluppo"
17:45:40.848,0,2,15,1,"Tako Setup  | Esperienza input di Windows | ⠂ Controllare stato progetto Tako e continuare sviluppo"
17:45:41.264,0,2,15,1,"Tako Setup  | Esperienza input di Windows | ⠂ Controllare stato progetto Tako e continuare sviluppo"
17:45:41.689,0,2,15,1,"Tako Setup  | Esperienza input di Windows | ⠐ Controllare stato progetto Tako e continuare sviluppo"
17:45:42.112,0,2,15,1,"Tako Setup  | Esperienza input di Windows | ⠐ Controllare stato progetto Tako e continuare sviluppo"
17:45:42.537,0,2,15,1,"Tako Setup  | Esperienza input di Windows | ⠂ Controllare stato progetto Tako e continuare sviluppo"
17:45:42.956,0,2,15,1,"Tako Setup  | Esperienza input di Windows | ⠂ Controllare stato progetto Tako e continuare sviluppo"
17:45:43.390,0,2,15,1,"Tako Setup  | Esperienza input di Windows | ⠐ Controllare stato progetto Tako e continuare sviluppo"
17:45:43.814,0,2,15,1,"Tako Setup  | Esperienza input di Windows | ⠐ Controllare stato progetto Tako e continuare sviluppo"
17:45:44.228,0,2,15,1,"Tako Setup  | Esperienza input di Windows | ⠐ Controllare stato progetto Tako e continuare sviluppo"
17:45:44.654,0,2,15,1,"Tako Setup  | Esperienza input di Windows | ⠂ Controllare stato progetto Tako e continuare sviluppo"
17:45:45.074,0,2,15,1,"Tako Setup  | Esperienza input di Windows | ⠂ Controllare stato progetto Tako e continuare sviluppo"
17:45:45.493,0,2,15,1,"Tako Setup  | Esperienza input di Windows | ⠐ Controllare stato progetto Tako e continuare sviluppo"
17:45:45.903,0,2,15,1,"Tako Setup  | Esperienza input di Windows | ⠐ Controllare stato progetto Tako e continuare sviluppo"
17:45:46.321,0,2,15,1,"Tako Setup  | Esperienza input di Windows | ⠂ Controllare stato progetto Tako e continuare sviluppo"
17:45:46.731,0,2,15,1,"Tako Setup  | Esperienza input di Windows | ⠂ Controllare stato progetto Tako e continuare sviluppo"
17:45:47.159,0,2,15,1,"Tako Setup  | Esperienza input di Windows | ⠐ Controllare stato progetto Tako e continuare sviluppo"
17:45:47.587,0,2,15,1,"Tako Setup  | Esperienza input di Windows | ⠐ Controllare stato progetto Tako e continuare sviluppo"
17:45:48.010,0,2,15,1,"Tako Setup  | Esperienza input di Windows | ⠐ Controllare stato progetto Tako e continuare sviluppo"
17:45:48.432,0,2,15,1,"Tako Setup  | Esperienza input di Windows | ⠂ Controllare stato progetto Tako e continuare sviluppo"
17:45:48.848,0,2,15,1,"Tako Setup  | Esperienza input di Windows | ⠂ Controllare stato progetto Tako e continuare sviluppo"
17:45:49.251,0,2,15,1,"Tako Setup  | Esperienza input di Windows | ⠐ Controllare stato progetto Tako e continuare sviluppo"
17:45:49.682,0,2,15,1,"Tako Setup  | Esperienza input di Windows | ⠐ Controllare stato progetto Tako e continuare sviluppo"
17:45:50.098,0,2,15,1,"Tako Setup  | Esperienza input di Windows | ⠂ Controllare stato progetto Tako e continuare sviluppo"
17:45:50.510,0,2,15,1,"Tako Setup  | Esperienza input di Windows | ⠂ Controllare stato progetto Tako e continuare sviluppo"
17:45:50.925,0,2,15,1,"Tako Setup  | Esperienza input di Windows | ⠂ Controllare stato progetto Tako e continuare sviluppo"
17:45:51.342,0,2,15,1,"Tako Setup  | Esperienza input di Windows | ⠐ Controllare stato progetto Tako e continuare sviluppo"
17:45:51.766,0,2,15,1,"Tako Setup  | Esperienza input di Windows | ⠐ Controllare stato progetto Tako e continuare sviluppo"
17:45:52.196,0,2,15,1,"Tako Setup  | Esperienza input di Windows | ⠂ Controllare stato progetto Tako e continuare sviluppo"
17:45:52.622,0,2,15,1,"Tako Setup  | Esperienza input di Windows | ⠂ Controllare stato progetto Tako e continuare sviluppo"
17:45:53.060,0,2,15,1,"Tako Setup  | Esperienza input di Windows | ⠐ Controllare stato progetto Tako e continuare sviluppo"
17:45:53.488,0,2,15,1,"Tako Setup  | Esperienza input di Windows | ⠐ Controllare stato progetto Tako e continuare sviluppo"
17:45:53.919,0,2,15,1,"Tako Setup  | Esperienza input di Windows | ⠐ Controllare stato progetto Tako e continuare sviluppo"
17:45:54.356,0,2,15,1,"Tako Setup  | Esperienza input di Windows | ⠂ Controllare stato progetto Tako e continuare sviluppo"
17:45:54.769,0,2,15,1,"Tako Setup  | Esperienza input di Windows | ⠂ Controllare stato progetto Tako e continuare sviluppo"
17:45:55.183,0,2,15,1,"Tako Setup  | Esperienza input di Windows | ⠐ Controllare stato progetto Tako e continuare sviluppo"
17:45:55.619,0,2,15,1,"Tako Setup  | Esperienza input di Windows | ⠐ Controllare stato progetto Tako e continuare sviluppo"
17:45:56.037,0,2,15,1,"Tako Setup  | Esperienza input di Windows | ⠂ Controllare stato progetto Tako e continuare sviluppo"
17:45:56.456,0,2,15,1,"Tako Setup  | Esperienza input di Windows | ⠂ Controllare stato progetto Tako e continuare sviluppo"
17:45:56.882,0,2,15,1,"Tako Setup  | Esperienza input di Windows | ⠐ Controllare stato progetto Tako e continuare sviluppo"
17:45:57.308,0,2,15,1,"Tako Setup  | Esperienza input di Windows | ⠐ Controllare stato progetto Tako e continuare sviluppo"
17:45:57.734,0,2,15,1,"Tako Setup  | Esperienza input di Windows | ⠐ Controllare stato progetto Tako e continuare sviluppo"
17:45:58.168,0,2,15,1,"Tako Setup  | Esperienza input di Windows | ⠂ Controllare stato progetto Tako e continuare sviluppo"
17:45:58.594,0,2,15,1,"Tako Setup  | Esperienza input di Windows | ⠂ Controllare stato progetto Tako e continuare sviluppo"
17:45:59.018,0,2,15,1,"Tako Setup  | Esperienza input di Windows | ⠐ Controllare stato progetto Tako e continuare sviluppo"
17:45:59.427,0,2,15,1,"Tako Setup  | Esperienza input di Windows | ⠐ Controllare stato progetto Tako e continuare sviluppo"
17:45:59.842,0,2,15,1,"Tako Setup  | Esperienza input di Windows | ⠂ Controllare stato progetto Tako e continuare sviluppo"
17:46:00.251,0,2,15,1,"Tako Setup  | Esperienza input di Windows | ⠂ Controllare stato progetto Tako e continuare sviluppo"
17:46:00.675,0,2,15,1,"Tako Setup  | Esperienza input di Windows | ⠂ Controllare stato progetto Tako e continuare sviluppo"
17:46:01.094,0,2,15,1,"Tako Setup  | Esperienza input di Windows | ⠐ Controllare stato progetto Tako e continuare sviluppo"
17:46:01.499,0,2,15,1,"Tako Setup  | Esperienza input di Windows | ⠐ Controllare stato progetto Tako e continuare sviluppo"
17:46:01.934,0,2,15,1,"Tako Setup  | Esperienza input di Windows | ⠂ Controllare stato progetto Tako e continuare sviluppo"
17:46:02.345,0,2,15,1,"Tako Setup  | Esperienza input di Windows | ⠂ Controllare stato progetto Tako e continuare sviluppo"
17:46:02.766,0,2,15,1,"Tako Setup  | Esperienza input di Windows | ⠐ Controllare stato progetto Tako e continuare sviluppo"
17:46:03.185,0,2,15,1,"Tako Setup  | Esperienza input di Windows | ⠐ Controllare stato progetto Tako e continuare sviluppo"
17:46:03.610,0,2,15,1,"Tako Setup  | Esperienza input di Windows | ⠂ Controllare stato progetto Tako e continuare sviluppo"
17:46:04.013,0,2,15,1,"Tako Setup  | Esperienza input di Windows | ⠂ Controllare stato progetto Tako e continuare sviluppo"
17:46:04.441,0,2,15,1,"Tako Setup  | Esperienza input di Windows | ⠂ Controllare stato progetto Tako e continuare sviluppo"
17:46:04.858,0,2,15,1,"Tako Setup  | Esperienza input di Windows | ⠐ Controllare stato progetto Tako e continuare sviluppo"
17:46:05.263,0,2,15,1,"Tako Setup  | Esperienza input di Windows | ⠐ Controllare stato progetto Tako e continuare sviluppo"
17:46:05.684,0,2,15,1,"Tako Setup  | Esperienza input di Windows | ⠂ Controllare stato progetto Tako e continuare sviluppo"
17:46:06.099,0,2,15,1,"Tako Setup  | Esperienza input di Windows | ⠂ Controllare stato progetto Tako e continuare sviluppo"
17:46:06.517,0,2,15,1,"Tako Setup  | Esperienza input di Windows | ⠐ Controllare stato progetto Tako e continuare sviluppo"
17:46:06.935,0,2,15,1,"Tako Setup  | Esperienza input di Windows | ⠐ Controllare stato progetto Tako e continuare sviluppo"
17:46:07.362,0,2,15,1,"Tako Setup  | Esperienza input di Windows | ⠐ Controllare stato progetto Tako e continuare sviluppo"
17:46:07.764,0,2,15,1,"Tako Setup  | Esperienza input di Windows | ⠂ Controllare stato progetto Tako e continuare sviluppo"
17:46:08.187,0,2,15,1,"Tako Setup  | Esperienza input di Windows | ⠂ Controllare stato progetto Tako e continuare sviluppo"
17:46:08.606,0,2,15,1,"Tako Setup  | Esperienza input di Windows | ⠐ Controllare stato progetto Tako e continuare sviluppo"
17:46:09.026,0,2,15,1,"Tako Setup  | Esperienza input di Windows | ⠐ Controllare stato progetto Tako e continuare sviluppo"
17:46:09.457,0,2,15,1,"Tako Setup  | Esperienza input di Windows | ⠂ Controllare stato progetto Tako e continuare sviluppo"
17:46:09.876,0,2,15,1,"Tako Setup  | Esperienza input di Windows | ⠂ Controllare stato progetto Tako e continuare sviluppo"
17:46:10.294,0,2,15,1,"Tako Setup  | Esperienza input di Windows | ⠂ Controllare stato progetto Tako e continuare sviluppo"
17:46:10.732,0,2,15,1,"Tako Setup  | Esperienza input di Windows | ⠐ Controllare stato progetto Tako e continuare sviluppo"
17:46:11.145,0,2,15,1,"Tako Setup  | Esperienza input di Windows | ⠐ Controllare stato progetto Tako e continuare sviluppo"
17:46:11.567,0,2,15,1,"Tako Setup  | Esperienza input di Windows | ⠂ Controllare stato progetto Tako e continuare sviluppo"
17:46:11.989,0,2,15,1,"Tako Setup  | Esperienza input di Windows | ⠂ Controllare stato progetto Tako e continuare sviluppo"
17:46:12.400,0,2,15,1,"Tako Setup  | Esperienza input di Windows | ⠐ Controllare stato progetto Tako e continuare sviluppo"
17:46:12.813,0,2,15,1,"Tako Setup  | Esperienza input di Windows | ⠐ Controllare stato progetto Tako e continuare sviluppo"
17:46:13.246,0,2,15,1,"Tako Setup  | Esperienza input di Windows | ⠐ Controllare stato progetto Tako e continuare sviluppo"
17:46:13.672,0,2,15,1,"Tako Setup  | Esperienza input di Windows | ⠂ Controllare stato progetto Tako e continuare sviluppo"
17:46:14.092,0,2,15,1,"Tako Setup  | Esperienza input di Windows | ⠂ Controllare stato progetto Tako e continuare sviluppo"
17:46:14.523,0,2,15,1,"Tako Setup  | Esperienza input di Windows | ⠐ Controllare stato progetto Tako e continuare sviluppo"
17:46:14.923,0,2,15,1,"Tako Setup  | Esperienza input di Windows | ⠐ Controllare stato progetto Tako e continuare sviluppo"
17:46:15.352,0,2,15,1,"Tako Setup  | Esperienza input di Windows | ⠂ Controllare stato progetto Tako e continuare sviluppo"
17:46:15.784,0,2,15,1,"Tako Setup  | Esperienza input di Windows | ⠂ Controllare stato progetto Tako e continuare sviluppo"
17:46:16.196,0,2,15,1,"Tako Setup  | Esperienza input di Windows | ⠂ Controllare stato progetto Tako e continuare sviluppo"
17:46:16.621,0,2,15,1,"Tako Setup  | Esperienza input di Windows | ⠐ Controllare stato progetto Tako e continuare sviluppo"
17:46:17.039,0,2,15,1,"Tako Setup  | Esperienza input di Windows | ⠐ Controllare stato progetto Tako e continuare sviluppo"
17:46:17.469,0,2,15,1,"Tako Setup  | Esperienza input di Windows | ⠂ Controllare stato progetto Tako e continuare sviluppo"
17:46:17.900,0,2,15,1,"Tako Setup  | Esperienza input di Windows | ⠂ Controllare stato progetto Tako e continuare sviluppo"
17:46:18.330,0,2,15,1,"Tako Setup  | Esperienza input di Windows | ⠐ Controllare stato progetto Tako e continuare sviluppo"
17:46:18.750,0,2,15,1,"Tako Setup  | Esperienza input di Windows | ⠐ Controllare stato progetto Tako e continuare sviluppo"
17:46:19.168,0,2,15,1,"Tako Setup  | Esperienza input di Windows | ⠂ Controllare stato progetto Tako e continuare sviluppo"
17:46:19.586,0,2,15,1,"Tako Setup  | Esperienza input di Windows | ⠂ Controllare stato progetto Tako e continuare sviluppo"
17:46:20.012,0,2,15,1,"Tako Setup  | Esperienza input di Windows | ⠂ Controllare stato progetto Tako e continuare sviluppo"
17:46:20.418,0,2,15,1,"Tako Setup  | Esperienza input di Windows | ⠐ Controllare stato progetto Tako e continuare sviluppo"
17:46:20.838,0,2,15,1,"Tako Setup  | Esperienza input di Windows | ⠐ Controllare stato progetto Tako e continuare sviluppo"
17:46:21.250,0,2,15,1,"Tako Setup  | Esperienza input di Windows | ⠂ Controllare stato progetto Tako e continuare sviluppo"
17:46:21.679,0,2,15,1,"Tako Setup  | Esperienza input di Windows | ⠂ Controllare stato progetto Tako e continuare sviluppo"
17:46:22.102,0,2,15,1,"Tako Setup  | Esperienza input di Windows | ⠐ Controllare stato progetto Tako e continuare sviluppo"
17:46:22.504,0,2,15,1,"Tako Setup  | Esperienza input di Windows | ⠐ Controllare stato progetto Tako e continuare sviluppo"
17:46:22.933,0,2,15,1,"Tako Setup  | Esperienza input di Windows | ⠐ Controllare stato progetto Tako e continuare sviluppo"
17:46:23.348,0,2,15,1,"Tako Setup  | Esperienza input di Windows | ⠂ Controllare stato progetto Tako e continuare sviluppo"
17:46:23.754,0,2,15,1,"Tako Setup  | Esperienza input di Windows | ⠂ Controllare stato progetto Tako e continuare sviluppo"
17:46:24.176,0,2,15,1,"Tako Setup  | Esperienza input di Windows | ⠐ Controllare stato progetto Tako e continuare sviluppo"
17:46:24.592,0,2,15,1,"Tako Setup  | Esperienza input di Windows | ⠐ Controllare stato progetto Tako e continuare sviluppo"
17:46:25.021,0,2,15,1,"Tako Setup  | Esperienza input di Windows | ⠂ Controllare stato progetto Tako e continuare sviluppo"
17:46:25.423,0,2,15,1,"Tako Setup  | Esperienza input di Windows | ⠂ Controllare stato progetto Tako e continuare sviluppo"
17:46:25.846,0,2,15,1,"Tako Setup  | Esperienza input di Windows | ⠂ Controllare stato progetto Tako e continuare sviluppo"
17:46:26.264,0,2,16,1,"Tako Setup  | Esperienza input di Windows | ⠐ Controllare stato progetto Tako e continuare sviluppo"
17:46:26.690,0,2,15,1,"Tako Setup  | Esperienza input di Windows | ⠐ Controllare stato progetto Tako e continuare sviluppo"
17:46:27.120,0,2,15,1,"Tako Setup  | Esperienza input di Windows | ⠂ Controllare stato progetto Tako e continuare sviluppo"
17:46:27.546,0,2,15,1,"Tako Setup  | Esperienza input di Windows | ⠂ Controllare stato progetto Tako e continuare sviluppo"
17:46:27.972,0,2,15,1,"Tako Setup  | Esperienza input di Windows | ⠐ Controllare stato progetto Tako e continuare sviluppo"
17:46:28.393,0,2,15,1,"Tako Setup  | Esperienza input di Windows | ⠐ Controllare stato progetto Tako e continuare sviluppo"
17:46:28.809,0,2,15,1,"Tako Setup  | Esperienza input di Windows | ⠂ Controllare stato progetto Tako e continuare sviluppo"
17:46:29.236,0,2,15,1,"Tako Setup  | Esperienza input di Windows | ⠂ Controllare stato progetto Tako e continuare sviluppo"
17:46:29.658,0,2,15,1,"Tako Setup  | Esperienza input di Windows | ⠂ Controllare stato progetto Tako e continuare sviluppo"
17:46:30.079,0,2,15,1,"Tako Setup  | Esperienza input di Windows | ⠐ Controllare stato progetto Tako e continuare sviluppo"
17:46:30.497,0,2,15,1,"Tako Setup  | Esperienza input di Windows | ⠐ Controllare stato progetto Tako e continuare sviluppo"
17:46:30.924,0,2,15,1,"Tako Setup  | Esperienza input di Windows | ⠂ Controllare stato progetto Tako e continuare sviluppo"
17:46:31.335,0,2,15,1,"Tako Setup  | Esperienza input di Windows | ⠂ Controllare stato progetto Tako e continuare sviluppo"
17:46:31.755,0,2,15,1,"Tako Setup  | Esperienza input di Windows | ⠐ Controllare stato progetto Tako e continuare sviluppo"
17:46:32.175,0,2,15,1,"Tako Setup  | Esperienza input di Windows | ⠐ Controllare stato progetto Tako e continuare sviluppo"
17:46:32.577,0,2,15,1,"Tako Setup  | Esperienza input di Windows | ⠐ Controllare stato progetto Tako e continuare sviluppo"
17:46:32.991,0,2,15,1,"Tako Setup  | Esperienza input di Windows | ⠂ Controllare stato progetto Tako e continuare sviluppo"
17:46:33.417,0,2,15,1,"Tako Setup  | Esperienza input di Windows | ⠂ Controllare stato progetto Tako e continuare sviluppo"
17:46:33.833,0,2,15,1,"Tako Setup  | Esperienza input di Windows | ⠐ Controllare stato progetto Tako e continuare sviluppo"
17:46:34.236,0,2,15,1,"Tako Setup  | Esperienza input di Windows | ⠐ Controllare stato progetto Tako e continuare sviluppo"
17:46:34.657,0,2,15,1,"Tako Setup  | Esperienza input di Windows | ⠂ Controllare stato progetto Tako e continuare sviluppo"
17:46:35.079,0,2,15,1,"Tako Setup  | Esperienza input di Windows | ⠂ Controllare stato progetto Tako e continuare sviluppo"
17:46:35.480,0,2,15,1,"Tako Setup  | Esperienza input di Windows | ⠂ Controllare stato progetto Tako e continuare sviluppo"
17:46:35.892,0,2,15,1,"Tako Setup  | Esperienza input di Windows | ⠐ Controllare stato progetto Tako e continuare sviluppo"
17:46:36.327,0,2,15,1,"Tako Setup  | Esperienza input di Windows | ⠐ Controllare stato progetto Tako e continuare sviluppo"
17:46:36.754,0,2,15,1,"Tako Setup  | Esperienza input di Windows | ⠂ Controllare stato progetto Tako e continuare sviluppo"
17:46:37.178,0,2,15,1,"Tako Setup  | Esperienza input di Windows | ⠂ Controllare stato progetto Tako e continuare sviluppo"
17:46:37.593,0,2,15,1,"Tako Setup  | Esperienza input di Windows | ⠐ Controllare stato progetto Tako e continuare sviluppo"
17:46:38.018,0,2,15,1,"Tako Setup  | Esperienza input di Windows | ⠐ Controllare stato progetto Tako e continuare sviluppo"
17:46:38.435,0,2,15,1,"Tako Setup  | Esperienza input di Windows | ⠐ Controllare stato progetto Tako e continuare sviluppo"
17:46:38.862,0,2,15,1,"Tako Setup  | Esperienza input di Windows | ⠂ Controllare stato progetto Tako e continuare sviluppo"
17:46:39.272,0,2,15,1,"Tako Setup  | Esperienza input di Windows | ⠂ Controllare stato progetto Tako e continuare sviluppo"
17:46:39.699,0,2,15,1,"Tako Setup  | Esperienza input di Windows | ⠐ Controllare stato progetto Tako e continuare sviluppo"
17:46:40.117,0,2,15,1,"Tako Setup  | Esperienza input di Windows | ⠐ Controllare stato progetto Tako e continuare sviluppo"
17:46:40.536,0,2,15,1,"Tako Setup  | Esperienza input di Windows | ⠂ Controllare stato progetto Tako e continuare sviluppo"
17:46:40.949,0,2,15,1,"Tako Setup  | Esperienza input di Windows | ⠂ Controllare stato progetto Tako e continuare sviluppo"
17:46:41.368,0,2,15,1,"Tako Setup  | Esperienza input di Windows | ⠂ Controllare stato progetto Tako e continuare sviluppo"
17:46:41.775,0,2,15,1,"Tako Setup  | Esperienza input di Windows | ⠐ Controllare stato progetto Tako e continuare sviluppo"
17:46:42.187,0,2,15,1,"Tako Setup  | Esperienza input di Windows | ⠐ Controllare stato progetto Tako e continuare sviluppo"
17:46:42.615,0,2,15,1,"Tako Setup  | Esperienza input di Windows | ⠂ Controllare stato progetto Tako e continuare sviluppo"
17:46:43.042,0,2,15,1,"Tako Setup  | Esperienza input di Windows | ⠂ Controllare stato progetto Tako e continuare sviluppo"
17:46:43.474,0,2,15,1,"Tako Setup  | Esperienza input di Windows | ⠐ Controllare stato progetto Tako e continuare sviluppo"
17:46:43.894,0,2,15,1,"Tako Setup  | Esperienza input di Windows | ⠐ Controllare stato progetto Tako e continuare sviluppo"
17:46:44.325,0,2,15,1,"Tako Setup  | Esperienza input di Windows | ⠂ Controllare stato progetto Tako e continuare sviluppo"
17:46:44.741,0,2,15,1,"Tako Setup  | Esperienza input di Windows | ⠂ Controllare stato progetto Tako e continuare sviluppo"
17:46:45.160,0,2,15,1,"Tako Setup  | Esperienza input di Windows | ⠂ Controllare stato progetto Tako e continuare sviluppo"
17:46:45.583,0,2,15,1,"Tako Setup  | Esperienza input di Windows | ⠐ Controllare stato progetto Tako e continuare sviluppo"
17:46:46.009,0,2,15,1,"Tako Setup  | Esperienza input di Windows | ⠐ Controllare stato progetto Tako e continuare sviluppo"
17:46:46.427,0,2,15,1,"Tako Setup  | Esperienza input di Windows | ⠂ Controllare stato progetto Tako e continuare sviluppo"
17:46:46.841,0,2,15,1,"Tako Setup  | Esperienza input di Windows | ⠂ Controllare stato progetto Tako e continuare sviluppo"
17:46:47.256,0,2,15,1,"Tako Setup  | Esperienza input di Windows | ⠐ Controllare stato progetto Tako e continuare sviluppo"
17:46:47.682,0,2,15,1,"Tako Setup  | Esperienza input di Windows | ⠐ Controllare stato progetto Tako e continuare sviluppo"
17:46:48.093,0,2,15,1,"Tako Setup  | Esperienza input di Windows | ⠐ Controllare stato progetto Tako e continuare sviluppo"
17:46:48.523,0,2,15,1,"Tako Setup  | Esperienza input di Windows | ⠂ Controllare stato progetto Tako e continuare sviluppo"
17:46:48.936,0,2,15,1,"Tako Setup  | Esperienza input di Windows | ⠂ Controllare stato progetto Tako e continuare sviluppo"
17:46:49.357,0,2,15,1,"Tako Setup  | Esperienza input di Windows | ⠐ Controllare stato progetto Tako e continuare sviluppo"
17:46:49.782,0,2,15,1,"Tako Setup  | Esperienza input di Windows | ⠐ Controllare stato progetto Tako e continuare sviluppo"
17:46:50.195,0,2,15,1,"Tako Setup  | Esperienza input di Windows | ⠂ Controllare stato progetto Tako e continuare sviluppo"
17:46:50.624,0,2,15,1,"Tako Setup  | Esperienza input di Windows | ⠂ Controllare stato progetto Tako e continuare sviluppo"
17:46:51.048,0,2,15,1,"Tako Setup  | Esperienza input di Windows | ⠐ Controllare stato progetto Tako e continuare sviluppo"
17:46:51.470,0,2,15,1,"Tako Setup  | Esperienza input di Windows | ⠐ Controllare stato progetto Tako e continuare sviluppo"
17:46:51.905,0,2,15,1,"Tako Setup  | Esperienza input di Windows | ⠐ Controllare stato progetto Tako e continuare sviluppo"
17:46:52.318,0,2,15,1,"Tako Setup  | Esperienza input di Windows | ⠂ Controllare stato progetto Tako e continuare sviluppo"
17:46:52.721,0,2,15,1,"Tako Setup  | Esperienza input di Windows | ⠂ Controllare stato progetto Tako e continuare sviluppo"
17:46:53.141,0,2,15,1,"Tako Setup  | Esperienza input di Windows | ⠐ Controllare stato progetto Tako e continuare sviluppo"
17:46:53.565,0,2,15,1,"Tako Setup  | Esperienza input di Windows | ⠐ Controllare stato progetto Tako e continuare sviluppo"
17:46:53.993,0,2,15,1,"Tako Setup  | Esperienza input di Windows | ⠂ Controllare stato progetto Tako e continuare sviluppo"
17:46:54.409,0,2,15,1,"Tako Setup  | Esperienza input di Windows | ⠂ Controllare stato progetto Tako e continuare sviluppo"
17:46:54.831,0,2,15,1,"Tako Setup  | Esperienza input di Windows | ⠂ Controllare stato progetto Tako e continuare sviluppo"
17:46:55.252,0,2,15,1,"Tako Setup  | Esperienza input di Windows | ⠐ Controllare stato progetto Tako e continuare sviluppo"
17:46:55.665,0,2,15,1,"Tako Setup  | Esperienza input di Windows | ⠐ Controllare stato progetto Tako e continuare sviluppo"
17:46:56.099,0,2,15,1,"Tako Setup  | Esperienza input di Windows | ⠂ Controllare stato progetto Tako e continuare sviluppo"
17:46:56.517,0,2,15,1,"Tako Setup  | Esperienza input di Windows | ⠂ Controllare stato progetto Tako e continuare sviluppo"
17:46:56.933,0,2,15,1,"Tako Setup  | Esperienza input di Windows | ⠐ Controllare stato progetto Tako e continuare sviluppo"
17:46:57.359,0,2,15,1,"Tako Setup  | Esperienza input di Windows | ⠐ Controllare stato progetto Tako e continuare sviluppo"
17:46:57.791,0,2,15,1,"Tako Setup  | Esperienza input di Windows | ⠐ Controllare stato progetto Tako e continuare sviluppo"
17:46:58.210,0,2,15,1,"Tako Setup  | Esperienza input di Windows | ⠂ Controllare stato progetto Tako e continuare sviluppo"
17:46:58.616,0,2,15,1,"Tako Setup  | Esperienza input di Windows | ⠂ Controllare stato progetto Tako e continuare sviluppo"
17:46:59.016,0,2,15,1,"Tako Setup  | Esperienza input di Windows | ⠐ Controllare stato progetto Tako e continuare sviluppo"
17:46:59.425,0,2,15,1,"Tako Setup  | Esperienza input di Windows | ⠐ Controllare stato progetto Tako e continuare sviluppo"
17:46:59.842,0,2,15,1,"Tako Setup  | Esperienza input di Windows | ⠂ Controllare stato progetto Tako e continuare sviluppo"
17:47:00.278,0,2,15,1,"Tako Setup  | Esperienza input di Windows | ⠂ Controllare stato progetto Tako e continuare sviluppo"
17:47:00.687,0,2,15,1,"Tako Setup  | Esperienza input di Windows | ⠂ Controllare stato progetto Tako e continuare sviluppo"
17:47:01.115,0,2,15,1,"Tako Setup  | Esperienza input di Windows | ⠐ Controllare stato progetto Tako e continuare sviluppo"
17:47:01.517,0,2,15,1,"Tako Setup  | Esperienza input di Windows | ⠐ Controllare stato progetto Tako e continuare sviluppo"
17:47:01.923,0,2,15,1,"Tako Setup  | Esperienza input di Windows | ⠂ Controllare stato progetto Tako e continuare sviluppo"
17:47:02.344,0,2,15,1,"Tako Setup  | Esperienza input di Windows | ⠂ Controllare stato progetto Tako e continuare sviluppo"
17:47:02.767,0,2,15,1,"Tako Setup  | Esperienza input di Windows | ⠐ Controllare stato progetto Tako e continuare sviluppo"
17:47:03.201,0,2,15,1,"Tako Setup  | Esperienza input di Windows | ⠐ Controllare stato progetto Tako e continuare sviluppo"
17:47:03.624,0,2,15,1,"Tako Setup  | Esperienza input di Windows | ⠐ Controllare stato progetto Tako e continuare sviluppo"
17:47:04.050,0,2,15,1,"Tako Setup  | Esperienza input di Windows | ⠂ Controllare stato progetto Tako e continuare sviluppo"
17:47:04.480,0,2,15,1,"Tako Setup  | Esperienza input di Windows | ⠂ Controllare stato progetto Tako e continuare sviluppo"
17:47:04.887,0,2,15,1,"Tako Setup  | Esperienza input di Windows | ⠐ Controllare stato progetto Tako e continuare sviluppo"
17:47:05.298,0,2,15,1,"Tako Setup  | Esperienza input di Windows | ⠐ Controllare stato progetto Tako e continuare sviluppo"
17:47:05.721,0,2,15,1,"Tako Setup  | Esperienza input di Windows | ⠂ Controllare stato progetto Tako e continuare sviluppo"
17:47:06.140,0,2,15,1,"Tako Setup  | Esperienza input di Windows | ⠂ Controllare stato progetto Tako e continuare sviluppo"
17:47:06.576,0,2,15,1,"Tako Setup  | Esperienza input di Windows | ⠐ Controllare stato progetto Tako e continuare sviluppo"
17:47:06.994,0,2,15,1,"Tako Setup  | Esperienza input di Windows | ⠐ Controllare stato progetto Tako e continuare sviluppo"
17:47:07.412,0,2,15,1,"Tako Setup  | Esperienza input di Windows | ⠐ Controllare stato progetto Tako e continuare sviluppo"
17:47:07.827,0,2,15,1,"Tako Setup  | Esperienza input di Windows | ⠂ Controllare stato progetto Tako e continuare sviluppo"
17:47:08.251,0,2,15,1,"Tako Setup  | Esperienza input di Windows | ⠂ Controllare stato progetto Tako e continuare sviluppo"
17:47:08.669,0,2,15,1,"Tako Setup  | Esperienza input di Windows | ⠐ Controllare stato progetto Tako e continuare sviluppo"
17:47:09.083,0,2,15,1,"Tako Setup  | Esperienza input di Windows | ⠐ Controllare stato progetto Tako e continuare sviluppo"
17:47:09.509,0,2,15,1,"Tako Setup  | Esperienza input di Windows | ⠂ Controllare stato progetto Tako e continuare sviluppo"
17:47:09.936,0,2,15,1,"Tako Setup  | Esperienza input di Windows | ⠂ Controllare stato progetto Tako e continuare sviluppo"
17:47:10.362,0,2,15,1,"Tako Setup  | Esperienza input di Windows | ⠂ Controllare stato progetto Tako e continuare sviluppo"
17:47:10.781,0,2,15,1,"Tako Setup  | Esperienza input di Windows | ⠐ Controllare stato progetto Tako e continuare sviluppo"
17:47:11.203,0,2,15,1,"Tako Setup  | Esperienza input di Windows | ⠐ Controllare stato progetto Tako e continuare sviluppo"
17:47:11.631,0,2,15,1,"Tako Setup  | Esperienza input di Windows | ⠂ Controllare stato progetto Tako e continuare sviluppo"
17:47:12.051,0,2,15,1,"Tako Setup  | Esperienza input di Windows | ⠂ Controllare stato progetto Tako e continuare sviluppo"
17:47:12.462,0,2,15,1,"Tako Setup  | Esperienza input di Windows | ⠐ Controllare stato progetto Tako e continuare sviluppo"
17:47:12.880,0,2,15,1,"Tako Setup  | Esperienza input di Windows | ⠐ Controllare stato progetto Tako e continuare sviluppo"
17:47:13.309,0,2,15,1,"Tako Setup  | Esperienza input di Windows | ⠐ Controllare stato progetto Tako e continuare sviluppo"
17:47:13.739,0,2,15,1,"Tako Setup  | Esperienza input di Windows | ⠂ Controllare stato progetto Tako e continuare sviluppo"
17:47:14.161,0,2,15,1,"Tako Setup  | Esperienza input di Windows | ⠂ Controllare stato progetto Tako e continuare sviluppo"
17:47:14.588,0,2,15,1,"Tako Setup  | Esperienza input di Windows | ⠐ Controllare stato progetto Tako e continuare sviluppo"
17:47:14.991,0,2,15,1,"Tako Setup  | Esperienza input di Windows | ⠐ Controllare stato progetto Tako e continuare sviluppo"
17:47:15.414,0,2,15,1,"Tako Setup  | Esperienza input di Windows | ⠂ Controllare stato progetto Tako e continuare sviluppo"
17:47:15.845,0,2,15,1,"Tako Setup  | Esperienza input di Windows | ⠂ Controllare stato progetto Tako e continuare sviluppo"
17:47:16.269,0,2,15,1,"Tako Setup  | Esperienza input di Windows | ⠐ Controllare stato progetto Tako e continuare sviluppo"
17:47:16.693,0,2,15,1,"Tako Setup  | Esperienza input di Windows | ⠐ Controllare stato progetto Tako e continuare sviluppo"
17:47:17.123,0,2,15,1,"Tako Setup  | Esperienza input di Windows | ⠐ Controllare stato progetto Tako e continuare sviluppo"
17:47:17.533,0,2,15,1,"Tako Setup  | Esperienza input di Windows | ⠂ Controllare stato progetto Tako e continuare sviluppo"
17:47:17.971,0,2,15,1,"Tako Setup  | Esperienza input di Windows | ⠂ Controllare stato progetto Tako e continuare sviluppo"
17:47:18.392,0,2,15,1,"Tako Setup  | Esperienza input di Windows | ⠐ Controllare stato progetto Tako e continuare sviluppo"
17:47:18.818,0,2,15,1,"Tako Setup  | Esperienza input di Windows | ⠐ Controllare stato progetto Tako e continuare sviluppo"
17:47:19.232,0,2,15,1,"Tako Setup  | Esperienza input di Windows | ⠂ Controllare stato progetto Tako e continuare sviluppo"
17:47:19.648,0,2,15,1,"Tako Setup  | Esperienza input di Windows | ⠂ Controllare stato progetto Tako e continuare sviluppo"
17:47:20.067,0,2,15,1,"Tako Setup  | Esperienza input di Windows | ⠂ Controllare stato progetto Tako e continuare sviluppo"
17:47:20.489,0,2,15,1,"Tako Setup  | Esperienza input di Windows | ⠐ Controllare stato progetto Tako e continuare sviluppo"
17:47:20.909,0,2,15,1,"Tako Setup  | Esperienza input di Windows | ⠐ Controllare stato progetto Tako e continuare sviluppo"
17:47:21.342,0,2,15,1,"Tako Setup  | Esperienza input di Windows | ⠂ Controllare stato progetto Tako e continuare sviluppo"
17:47:21.762,0,2,15,1,"Tako Setup  | Esperienza input di Windows | ⠂ Controllare stato progetto Tako e continuare sviluppo"
17:47:22.177,0,2,15,1,"Tako Setup  | Esperienza input di Windows | ⠐ Controllare stato progetto Tako e continuare sviluppo"
17:47:22.603,0,2,15,1,"Tako Setup  | Esperienza input di Windows | ⠐ Controllare stato progetto Tako e continuare sviluppo"
17:47:23.005,0,2,15,1,"Tako Setup  | Esperienza input di Windows | ⠐ Controllare stato progetto Tako e continuare sviluppo"
17:47:23.426,0,2,15,1,"Tako Setup  | Esperienza input di Windows | ⠂ Controllare stato progetto Tako e continuare sviluppo"
17:47:23.854,0,2,15,1,"Tako Setup  | Esperienza input di Windows | ⠂ Controllare stato progetto Tako e continuare sviluppo"
17:47:24.281,0,2,15,1,"Tako Setup  | Esperienza input di Windows | ⠐ Controllare stato progetto Tako e continuare sviluppo"
17:47:24.695,0,2,15,1,"Tako Setup  | Esperienza input di Windows | ⠐ Controllare stato progetto Tako e continuare sviluppo"
17:47:25.128,0,3,15,1,"Tako Setup  | Esperienza input di Windows | ⠂ Controllare stato progetto Tako e continuare sviluppo"
17:47:25.555,0,3,15,1,"Tako Setup  | Esperienza input di Windows | ⠂ Controllare stato progetto Tako e continuare sviluppo"
17:47:25.969,0,2,15,1,"Tako Setup  | Esperienza input di Windows | ⠂ Controllare stato progetto Tako e continuare sviluppo"
17:47:26.387,0,2,15,1,"Tako Setup  | Esperienza input di Windows | ⠐ Controllare stato progetto Tako e continuare sviluppo"
17:47:26.801,0,2,15,1,"Tako Setup  | Esperienza input di Windows | ⠐ Controllare stato progetto Tako e continuare sviluppo"
17:47:27.221,0,2,15,1,"Tako Setup  | Esperienza input di Windows | ⠂ Controllare stato progetto Tako e continuare sviluppo"
17:47:27.625,0,2,15,1,"Tako Setup  | Esperienza input di Windows | ⠂ Controllare stato progetto Tako e continuare sviluppo"
17:47:28.048,0,2,15,1,"Tako Setup  | Esperienza input di Windows | ⠐ Controllare stato progetto Tako e continuare sviluppo"
17:47:28.472,0,2,15,1,"Tako Setup  | Esperienza input di Windows | ⠐ Controllare stato progetto Tako e continuare sviluppo"
17:47:28.899,0,2,15,1,"Tako Setup  | Esperienza input di Windows | ⠂ Controllare stato progetto Tako e continuare sviluppo"
17:47:29.324,0,2,15,1,"Tako Setup  | Esperienza input di Windows | ⠂ Controllare stato progetto Tako e continuare sviluppo"
17:47:29.739,0,2,15,1,"Tako Setup  | Esperienza input di Windows | ⠂ Controllare stato progetto Tako e continuare sviluppo"
17:47:30.149,0,2,15,1,"Tako Setup  | Esperienza input di Windows | ⠐ Controllare stato progetto Tako e continuare sviluppo"
17:47:30.562,0,2,15,1,"Tako Setup  | Esperienza input di Windows | ⠐ Controllare stato progetto Tako e continuare sviluppo"
17:47:30.977,0,2,15,1,"Tako Setup  | Esperienza input di Windows | ⠂ Controllare stato progetto Tako e continuare sviluppo"
17:47:31.391,0,2,15,1,"Tako Setup  | Esperienza input di Windows | ⠂ Controllare stato progetto Tako e continuare sviluppo"
17:47:31.828,0,2,15,1,"Tako Setup  | Esperienza input di Windows | ⠂ Controllare stato progetto Tako e continuare sviluppo"
17:47:32.268,0,2,15,1,"Tako Setup  | Esperienza input di Windows | ⠐ Controllare stato progetto Tako e continuare sviluppo"
17:47:32.689,0,2,15,1,"Tako Setup  | Esperienza input di Windows | ⠐ Controllare stato progetto Tako e continuare sviluppo"
17:47:33.104,0,2,15,1,"Tako Setup  | Esperienza input di Windows | ⠂ Controllare stato progetto Tako e continuare sviluppo"
17:47:33.518,0,2,15,1,"Tako Setup  | Esperienza input di Windows | ⠂ Controllare stato progetto Tako e continuare sviluppo"
17:47:33.952,0,2,15,1,"Tako Setup  | Esperienza input di Windows | ⠐ Controllare stato progetto Tako e continuare sviluppo"
17:47:34.371,0,2,15,1,"Tako Setup  | Esperienza input di Windows | ⠐ Controllare stato progetto Tako e continuare sviluppo"
17:47:34.793,0,2,15,1,"Tako Setup  | Esperienza input di Windows | ⠂ Controllare stato progetto Tako e continuare sviluppo"
17:47:35.211,0,2,15,1,"Tako Setup  | Esperienza input di Windows | ⠂ Controllare stato progetto Tako e continuare sviluppo"
17:47:35.627,0,2,15,1,"Tako Setup  | Esperienza input di Windows | ⠂ Controllare stato progetto Tako e continuare sviluppo"
17:47:36.052,0,2,15,1,"Tako Setup  | Esperienza input di Windows | ⠐ Controllare stato progetto Tako e continuare sviluppo"
17:47:36.480,0,2,15,1,"Tako Setup  | Esperienza input di Windows | ⠐ Controllare stato progetto Tako e continuare sviluppo"
17:47:36.906,0,2,15,1,"Tako Setup  | Esperienza input di Windows | ⠂ Controllare stato progetto Tako e continuare sviluppo"
17:47:37.328,0,2,15,1,"Tako Setup  | Esperienza input di Windows | ⠂ Controllare stato progetto Tako e continuare sviluppo"
17:47:37.749,0,2,15,1,"Tako Setup  | Esperienza input di Windows | ⠐ Controllare stato progetto Tako e continuare sviluppo"
17:47:38.159,0,2,15,1,"Tako Setup  | Esperienza input di Windows | ⠐ Controllare stato progetto Tako e continuare sviluppo"
17:47:38.577,0,2,15,1,"Tako Setup  | Esperienza input di Windows | ⠐ Controllare stato progetto Tako e continuare sviluppo"
17:47:39.006,0,2,15,1,"Tako Setup  | Esperienza input di Windows | ⠂ Controllare stato progetto Tako e continuare sviluppo"
17:47:39.408,0,2,15,1,"Tako Setup  | Esperienza input di Windows | ⠂ Controllare stato progetto Tako e continuare sviluppo"
17:47:39.836,0,2,15,1,"Tako Setup  | Esperienza input di Windows | ⠐ Controllare stato progetto Tako e continuare sviluppo"
17:47:40.251,0,2,15,1,"Tako Setup  | Esperienza input di Windows | ⠐ Controllare stato progetto Tako e continuare sviluppo"
17:47:40.670,0,2,15,1,"Tako Setup  | Esperienza input di Windows | ⠂ Controllare stato progetto Tako e continuare sviluppo"
17:47:41.090,0,2,15,1,"Tako Setup  | Esperienza input di Windows | ⠂ Controllare stato progetto Tako e continuare sviluppo"
17:47:41.518,0,2,15,1,"Tako Setup  | Esperienza input di Windows | ⠐ Controllare stato progetto Tako e continuare sviluppo"
17:47:41.938,0,2,15,1,"Tako Setup  | Esperienza input di Windows | ⠐ Controllare stato progetto Tako e continuare sviluppo"
17:47:42.340,0,2,15,1,"Tako Setup  | Esperienza input di Windows | ⠐ Controllare stato progetto Tako e continuare sviluppo"
17:47:42.769,0,2,15,1,"Tako Setup  | Esperienza input di Windows | ⠂ Controllare stato progetto Tako e continuare sviluppo"
17:47:43.191,0,2,15,1,"Tako Setup  | Esperienza input di Windows | ⠂ Controllare stato progetto Tako e continuare sviluppo"
17:47:43.621,0,2,15,1,"Tako Setup  | Esperienza input di Windows | ⠐ Controllare stato progetto Tako e continuare sviluppo"
17:47:44.041,0,2,15,1,"Tako Setup  | Esperienza input di Windows | ⠐ Controllare stato progetto Tako e continuare sviluppo"
17:47:44.467,0,2,15,1,"Tako Setup  | Esperienza input di Windows | ⠂ Controllare stato progetto Tako e continuare sviluppo"
17:47:44.903,0,2,15,1,"Tako Setup  | Esperienza input di Windows | ⠂ Controllare stato progetto Tako e continuare sviluppo"
17:47:45.325,0,2,15,1,"Tako Setup  | Esperienza input di Windows | ⠂ Controllare stato progetto Tako e continuare sviluppo"
17:47:45.734,0,2,15,1,"Tako Setup  | Esperienza input di Windows | ⠐ Controllare stato progetto Tako e continuare sviluppo"
17:47:46.154,0,2,15,1,"Tako Setup  | Esperienza input di Windows | ⠐ Controllare stato progetto Tako e continuare sviluppo"
17:47:46.573,0,2,15,1,"Tako Setup  | Esperienza input di Windows | ⠂ Controllare stato progetto Tako e continuare sviluppo"
17:47:46.993,0,2,15,1,"Tako Setup  | Esperienza input di Windows | ⠂ Controllare stato progetto Tako e continuare sviluppo"
17:47:47.407,0,2,15,1,"Tako Setup  | Esperienza input di Windows | ⠐ Controllare stato progetto Tako e continuare sviluppo"
17:47:47.826,0,2,15,1,"Tako Setup  | Esperienza input di Windows | ⠐ Controllare stato progetto Tako e continuare sviluppo"
17:47:48.250,0,2,15,1,"Tako Setup  | Esperienza input di Windows | ⠐ Controllare stato progetto Tako e continuare sviluppo"
17:47:48.674,0,2,15,1,"Tako Setup  | Esperienza input di Windows | ⠂ Controllare stato progetto Tako e continuare sviluppo"
17:47:49.106,0,2,15,1,"Tako Setup  | Esperienza input di Windows | ⠂ Controllare stato progetto Tako e continuare sviluppo"
17:47:49.524,0,2,15,1,"Tako Setup  | Esperienza input di Windows | ⠐ Controllare stato progetto Tako e continuare sviluppo"
17:47:49.949,0,2,15,1,"Tako Setup  | Esperienza input di Windows | ⠐ Controllare stato progetto Tako e continuare sviluppo"
17:47:50.369,0,2,15,1,"Tako Setup  | Esperienza input di Windows | ⠂ Controllare stato progetto Tako e continuare sviluppo"
17:47:50.782,0,2,15,1,"Tako Setup  | Esperienza input di Windows | ⠂ Controllare stato progetto Tako e continuare sviluppo"
17:47:51.183,0,2,15,1,"Tako Setup  | Esperienza input di Windows | ⠂ Controllare stato progetto Tako e continuare sviluppo"
17:47:51.609,0,2,15,1,"Tako Setup  | Esperienza input di Windows | ⠐ Controllare stato progetto Tako e continuare sviluppo"
17:47:52.025,0,2,15,1,"Tako Setup  | Esperienza input di Windows | ⠐ Controllare stato progetto Tako e continuare sviluppo"
17:47:52.447,0,2,15,1,"Tako Setup  | Esperienza input di Windows | ⠂ Controllare stato progetto Tako e continuare sviluppo"
17:47:52.883,0,2,15,1,"Tako Setup  | Esperienza input di Windows | ⠂ Controllare stato progetto Tako e continuare sviluppo"
17:47:53.303,0,2,15,1,"Tako Setup  | Esperienza input di Windows | ⠐ Controllare stato progetto Tako e continuare sviluppo"
17:47:53.718,0,2,15,1,"Tako Setup  | Esperienza input di Windows | ⠐ Controllare stato progetto Tako e continuare sviluppo"
17:47:54.144,0,2,15,1,"Tako Setup  | Esperienza input di Windows | ⠂ Controllare stato progetto Tako e continuare sviluppo"
17:47:54.558,0,2,15,1,"Tako Setup  | Esperienza input di Windows | ⠂ Controllare stato progetto Tako e continuare sviluppo"
17:47:54.964,0,2,15,1,"Tako Setup  | Esperienza input di Windows | ⠂ Controllare stato progetto Tako e continuare sviluppo"
17:47:55.395,0,2,15,1,"Tako Setup  | Esperienza input di Windows | ⠐ Controllare stato progetto Tako e continuare sviluppo"
17:47:55.810,0,2,15,1,"Tako Setup  | Esperienza input di Windows | ⠐ Controllare stato progetto Tako e continuare sviluppo"
17:47:56.237,0,2,15,1,"Tako Setup  | Esperienza input di Windows | ⠂ Controllare stato progetto Tako e continuare sviluppo"
17:47:56.638,0,2,15,1,"Tako Setup  | Esperienza input di Windows | ⠂ Controllare stato progetto Tako e continuare sviluppo"
17:47:57.064,0,2,15,1,"Tako Setup  | Esperienza input di Windows | ⠐ Controllare stato progetto Tako e continuare sviluppo"
17:47:57.489,0,2,15,1,"Tako Setup  | Esperienza input di Windows | ⠐ Controllare stato progetto Tako e continuare sviluppo"
17:47:57.903,0,2,15,1,"Tako Setup  | Esperienza input di Windows | ⠐ Controllare stato progetto Tako e continuare sviluppo"
17:47:58.334,0,2,15,1,"Tako Setup  | Esperienza input di Windows | ⠂ Controllare stato progetto Tako e continuare sviluppo"
17:47:58.748,0,2,15,1,"Tako Setup  | Esperienza input di Windows | ⠂ Controllare stato progetto Tako e continuare sviluppo"
17:47:59.159,0,2,15,1,"Tako Setup  | Esperienza input di Windows | ⠐ Controllare stato progetto Tako e continuare sviluppo"
17:47:59.572,0,2,15,1,"Tako Setup  | Esperienza input di Windows | ⠐ Controllare stato progetto Tako e continuare sviluppo"
17:48:00.001,0,2,15,1,"Tako Setup  | Esperienza input di Windows | ⠂ Controllare stato progetto Tako e continuare sviluppo"
17:48:00.423,0,2,15,1,"Tako Setup  | Esperienza input di Windows | ⠂ Controllare stato progetto Tako e continuare sviluppo"
17:48:00.832,0,2,15,1,"Tako Setup  | Esperienza input di Windows | ⠂ Controllare stato progetto Tako e continuare sviluppo"
17:48:01.261,0,2,15,1,"Tako Setup  | Esperienza input di Windows | ⠐ Controllare stato progetto Tako e continuare sviluppo"
17:48:01.691,0,2,15,1,"Tako Setup  | Esperienza input di Windows | ⠐ Controllare stato progetto Tako e continuare sviluppo"
17:48:02.107,0,2,15,1,"Tako Setup  | Esperienza input di Windows | ⠂ Controllare stato progetto Tako e continuare sviluppo"
17:48:02.533,0,2,15,1,"Tako Setup  | Esperienza input di Windows | ⠂ Controllare stato progetto Tako e continuare sviluppo"
17:48:02.960,0,2,15,1,"Tako Setup  | Esperienza input di Windows | ⠐ Controllare stato progetto Tako e continuare sviluppo"
17:48:03.382,0,2,15,1,"Tako Setup  | Esperienza input di Windows | ⠐ Controllare stato progetto Tako e continuare sviluppo"
17:48:03.798,0,2,15,1,"Tako Setup  | Esperienza input di Windows | ⠐ Controllare stato progetto Tako e continuare sviluppo"
17:48:04.216,0,2,15,1,"Tako Setup  | Esperienza input di Windows | ⠂ Controllare stato progetto Tako e continuare sviluppo"
17:48:04.640,0,2,15,1,"Tako Setup  | Esperienza input di Windows | ⠂ Controllare stato progetto Tako e continuare sviluppo"
17:48:05.068,0,2,15,1,"Tako Setup  | Esperienza input di Windows | ⠐ Controllare stato progetto Tako e continuare sviluppo"
17:48:05.491,0,2,15,1,"Tako Setup  | Esperienza input di Windows | ⠐ Controllare stato progetto Tako e continuare sviluppo"
17:48:05.908,0,2,15,1,"Tako Setup  | Esperienza input di Windows | ⠂ Controllare stato progetto Tako e continuare sviluppo"
17:48:06.325,0,2,15,1,"Tako Setup  | Esperienza input di Windows | ⠂ Controllare stato progetto Tako e continuare sviluppo"
17:48:06.742,0,2,15,1,"Tako Setup  | Esperienza input di Windows | ⠂ Controllare stato progetto Tako e continuare sviluppo"
17:48:07.168,0,2,15,1,"Tako Setup  | Esperienza input di Windows | ⠐ Controllare stato progetto Tako e continuare sviluppo"
17:48:07.597,0,2,15,1,"Tako Setup  | Esperienza input di Windows | ⠐ Controllare stato progetto Tako e continuare sviluppo"
17:48:08.021,0,2,15,1,"Tako Setup  | Esperienza input di Windows | ⠂ Controllare stato progetto Tako e continuare sviluppo"
17:48:08.433,0,2,15,1,"Tako Setup  | Esperienza input di Windows | ⠂ Controllare stato progetto Tako e continuare sviluppo"
17:48:08.854,0,2,15,1,"Tako Setup  | Esperienza input di Windows | ⠐ Controllare stato progetto Tako e continuare sviluppo"
17:48:09.272,0,2,15,1,"Tako Setup  | Esperienza input di Windows | ⠐ Controllare stato progetto Tako e continuare sviluppo"
17:48:09.699,0,2,15,1,"Tako Setup  | Esperienza input di Windows | ⠂ Controllare stato progetto Tako e continuare sviluppo"
17:48:10.124,0,2,15,1,"Tako Setup  | Esperienza input di Windows | ⠂ Controllare stato progetto Tako e continuare sviluppo"
17:48:10.535,0,2,15,1,"Tako Setup  | Esperienza input di Windows | ⠂ Controllare stato progetto Tako e continuare sviluppo"
17:48:10.962,0,2,15,1,"Tako Setup  | Esperienza input di Windows | ⠐ Controllare stato progetto Tako e continuare sviluppo"
17:48:11.396,0,2,15,1,"Tako Setup  | Esperienza input di Windows | ⠐ Controllare stato progetto Tako e continuare sviluppo"
17:48:11.819,0,2,15,1,"Tako Setup  | Esperienza input di Windows | ⠂ Controllare stato progetto Tako e continuare sviluppo"
17:48:12.228,0,2,15,1,"Tako Setup  | Esperienza input di Windows | ⠂ Controllare stato progetto Tako e continuare sviluppo"
17:48:12.647,0,2,15,1,"Tako Setup  | Esperienza input di Windows | ⠐ Controllare stato progetto Tako e continuare sviluppo"
17:48:13.065,0,2,15,1,"Tako Setup  | Esperienza input di Windows | ⠐ Controllare stato progetto Tako e continuare sviluppo"
17:48:13.495,0,2,15,1,"Tako Setup  | Esperienza input di Windows | ⠐ Controllare stato progetto Tako e continuare sviluppo"
17:48:13.912,0,2,15,1,"Tako Setup  | Esperienza input di Windows | ⠂ Controllare stato progetto Tako e continuare sviluppo"
17:48:14.333,0,2,15,1,"Tako Setup  | Esperienza input di Windows | ⠂ Controllare stato progetto Tako e continuare sviluppo"
17:48:14.745,0,2,15,1,"Tako Setup  | Esperienza input di Windows | ⠐ Controllare stato progetto Tako e continuare sviluppo"
17:48:15.164,0,2,15,1,"Tako Setup  | Esperienza input di Windows | ⠐ Controllare stato progetto Tako e continuare sviluppo"
17:48:15.582,0,2,15,1,"Tako Setup  | Esperienza input di Windows | ⠂ Controllare stato progetto Tako e continuare sviluppo"
17:48:16.005,0,2,15,1,"Tako Setup  | Esperienza input di Windows | ⠂ Controllare stato progetto Tako e continuare sviluppo"
17:48:16.425,0,2,15,1,"Tako Setup  | Esperienza input di Windows | ⠂ Controllare stato progetto Tako e continuare sviluppo"
17:48:16.840,0,2,15,1,"Tako Setup  | Esperienza input di Windows | ⠐ Controllare stato progetto Tako e continuare sviluppo"
17:48:17.256,0,2,15,1,"Tako Setup  | Esperienza input di Windows | ⠐ Controllare stato progetto Tako e continuare sviluppo"
17:48:17.673,0,2,15,1,"Tako Setup  | Esperienza input di Windows | ⠂ Controllare stato progetto Tako e continuare sviluppo"
17:48:18.104,0,2,15,1,"Tako Setup  | Esperienza input di Windows | ⠂ Controllare stato progetto Tako e continuare sviluppo"
17:48:18.523,0,2,15,1,"Tako Setup  | Esperienza input di Windows | ⠐ Controllare stato progetto Tako e continuare sviluppo"
17:48:18.952,0,2,15,1,"Tako Setup  | Esperienza input di Windows | ⠐ Controllare stato progetto Tako e continuare sviluppo"
17:48:19.372,0,2,15,1,"Tako Setup  | Esperienza input di Windows | ⠂ Controllare stato progetto Tako e continuare sviluppo"
17:48:19.797,0,2,15,1,"Tako Setup  | Esperienza input di Windows | ⠂ Controllare stato progetto Tako e continuare sviluppo"
17:48:20.227,0,2,15,1,"Tako Setup  | Esperienza input di Windows | ⠂ Controllare stato progetto Tako e continuare sviluppo"
17:48:20.649,0,2,15,1,"Tako Setup  | Esperienza input di Windows | ⠐ Controllare stato progetto Tako e continuare sviluppo"
17:48:21.064,0,2,15,1,"Tako Setup  | Esperienza input di Windows | ⠐ Controllare stato progetto Tako e continuare sviluppo"
17:48:21.477,0,2,15,1,"Tako Setup  | Esperienza input di Windows | ⠂ Controllare stato progetto Tako e continuare sviluppo"
17:48:21.899,0,2,15,1,"Tako Setup  | Esperienza input di Windows | ⠂ Controllare stato progetto Tako e continuare sviluppo"
17:48:22.313,0,2,15,1,"Tako Setup  | Esperienza input di Windows | ⠐ Controllare stato progetto Tako e continuare sviluppo"
17:48:22.731,0,2,15,1,"Tako Setup  | Esperienza input di Windows | ⠐ Controllare stato progetto Tako e continuare sviluppo"
17:48:23.138,0,2,15,1,"Tako Setup  | Esperienza input di Windows | ⠐ Controllare stato progetto Tako e continuare sviluppo"
17:48:23.555,0,2,15,1,"Tako Setup  | Esperienza input di Windows | ⠂ Controllare stato progetto Tako e continuare sviluppo"
17:48:23.976,0,2,15,1,"Tako Setup  | Esperienza input di Windows | ⠂ Controllare stato progetto Tako e continuare sviluppo"
17:48:24.406,0,2,15,1,"Tako Setup  | Esperienza input di Windows | ⠐ Controllare stato progetto Tako e continuare sviluppo"
17:48:24.810,0,2,15,1,"Tako Setup  | Esperienza input di Windows | ⠐ Controllare stato progetto Tako e continuare sviluppo"
17:48:25.229,0,2,15,1,"Tako Setup  | Esperienza input di Windows | ⠂ Controllare stato progetto Tako e continuare sviluppo"
17:48:25.648,0,2,15,1,"Tako Setup  | Esperienza input di Windows | ⠂ Controllare stato progetto Tako e continuare sviluppo"
17:48:26.061,0,2,15,1,"Tako Setup  | Esperienza input di Windows | ⠂ Controllare stato progetto Tako e continuare sviluppo"
17:48:26.484,0,2,15,1,"Tako Setup  | Esperienza input di Windows | ⠐ Controllare stato progetto Tako e continuare sviluppo"
17:48:26.891,0,2,15,1,"Tako Setup  | Esperienza input di Windows | ⠐ Controllare stato progetto Tako e continuare sviluppo"
17:48:27.302,0,2,15,1,"Tako Setup  | Esperienza input di Windows | ⠂ Controllare stato progetto Tako e continuare sviluppo"
17:48:27.704,0,2,15,1,"Tako Setup  | Esperienza input di Windows | ⠂ Controllare stato progetto Tako e continuare sviluppo"
17:48:28.122,0,2,15,1,"Tako Setup  | Esperienza input di Windows | ⠐ Controllare stato progetto Tako e continuare sviluppo"
17:48:28.536,0,2,15,1,"Tako Setup  | Esperienza input di Windows | ⠐ Controllare stato progetto Tako e continuare sviluppo"
17:48:28.951,0,2,15,1,"Tako Setup  | Esperienza input di Windows | ⠐ Controllare stato progetto Tako e continuare sviluppo"
17:48:29.377,0,2,15,1,"Tako Setup  | Esperienza input di Windows | ⠂ Controllare stato progetto Tako e continuare sviluppo"
17:48:29.801,0,2,15,1,"Tako Setup  | Esperienza input di Windows | ⠂ Controllare stato progetto Tako e continuare sviluppo"
17:48:30.222,0,2,15,1,"Tako Setup  | Esperienza input di Windows | ⠐ Controllare stato progetto Tako e continuare sviluppo"
17:48:30.647,0,2,15,1,"Tako Setup  | Esperienza input di Windows | ⠐ Controllare stato progetto Tako e continuare sviluppo"
17:48:31.070,0,2,15,1,"Tako Setup  | Esperienza input di Windows | ⠂ Controllare stato progetto Tako e continuare sviluppo"
17:48:31.478,0,2,15,1,"Tako Setup  | Esperienza input di Windows | ⠂ Controllare stato progetto Tako e continuare sviluppo"
17:48:31.906,0,2,15,1,"Tako Setup  | Esperienza input di Windows | ⠂ Controllare stato progetto Tako e continuare sviluppo"
17:48:32.321,0,2,15,1,"Tako Setup  | Esperienza input di Windows | ⠐ Controllare stato progetto Tako e continuare sviluppo"
17:48:32.744,0,2,15,1,"Tako Setup  | Esperienza input di Windows | ⠐ Controllare stato progetto Tako e continuare sviluppo"
17:48:33.159,0,2,15,1,"Tako Setup  | Esperienza input di Windows | ⠂ Controllare stato progetto Tako e continuare sviluppo"
17:48:33.583,0,2,15,1,"Tako Setup  | Esperienza input di Windows | ⠂ Controllare stato progetto Tako e continuare sviluppo"
17:48:34.003,0,2,15,1,"Tako Setup  | Esperienza input di Windows | ⠐ Controllare stato progetto Tako e continuare sviluppo"
17:48:34.419,0,2,15,1,"Tako Setup  | Esperienza input di Windows | ⠐ Controllare stato progetto Tako e continuare sviluppo"
17:48:34.840,0,2,15,1,"Tako Setup  | Esperienza input di Windows | ⠐ Controllare stato progetto Tako e continuare sviluppo"
17:48:35.258,0,2,15,1,"Tako Setup  | Esperienza input di Windows | ⠂ Controllare stato progetto Tako e continuare sviluppo"
17:48:35.675,0,2,15,1,"Tako Setup  | Esperienza input di Windows | ⠂ Controllare stato progetto Tako e continuare sviluppo"
17:48:36.102,0,2,15,1,"Tako Setup  | Esperienza input di Windows | ⠐ Controllare stato progetto Tako e continuare sviluppo"
17:48:36.528,0,2,15,1,"Tako Setup  | Esperienza input di Windows | ⠐ Controllare stato progetto Tako e continuare sviluppo"
17:48:36.937,0,2,15,1,"Tako Setup  | Esperienza input di Windows | ⠂ Controllare stato progetto Tako e continuare sviluppo"
17:48:37.358,0,2,15,1,"Tako Setup  | Esperienza input di Windows | ⠂ Controllare stato progetto Tako e continuare sviluppo"
17:48:37.792,0,2,15,1,"Tako Setup  | Esperienza input di Windows | ⠐ Controllare stato progetto Tako e continuare sviluppo"
17:48:38.220,0,2,15,1,"Tako Setup  | Esperienza input di Windows | ⠐ Controllare stato progetto Tako e continuare sviluppo"
17:48:38.643,0,2,15,1,"Tako Setup  | Esperienza input di Windows | ⠐ Controllare stato progetto Tako e continuare sviluppo"
17:48:39.060,0,2,15,1,"Tako Setup  | Esperienza input di Windows | ⠂ Controllare stato progetto Tako e continuare sviluppo"
17:48:39.487,0,2,15,1,"Tako Setup  | Esperienza input di Windows | ⠂ Controllare stato progetto Tako e continuare sviluppo"
17:48:39.922,0,2,15,1,"Tako Setup  | Esperienza input di Windows | ⠐ Controllare stato progetto Tako e continuare sviluppo"
17:48:40.330,0,2,15,1,"Tako Setup  | Esperienza input di Windows | ⠐ Controllare stato progetto Tako e continuare sviluppo"
17:48:40.747,0,2,15,1,"Tako Setup  | Esperienza input di Windows | ⠂ Controllare stato progetto Tako e continuare sviluppo"
17:48:41.178,0,2,15,1,"Tako Setup  | Esperienza input di Windows | ⠂ Controllare stato progetto Tako e continuare sviluppo"
17:48:41.605,0,2,15,1,"Tako Setup  | Esperienza input di Windows | ⠂ Controllare stato progetto Tako e continuare sviluppo"
17:48:42.015,0,2,15,1,"Tako Setup  | Esperienza input di Windows | ⠐ Controllare stato progetto Tako e continuare sviluppo"
17:48:42.420,0,2,15,1,"Tako Setup  | Esperienza input di Windows | ⠐ Controllare stato progetto Tako e continuare sviluppo"
17:48:42.842,0,2,15,1,"Tako Setup  | Esperienza input di Windows | ⠂ Controllare stato progetto Tako e continuare sviluppo"
17:48:43.271,0,2,15,1,"Tako Setup  | Esperienza input di Windows | ⠂ Controllare stato progetto Tako e continuare sviluppo"
17:48:43.695,0,2,15,1,"Tako Setup  | Esperienza input di Windows | ⠐ Controllare stato progetto Tako e continuare sviluppo"
17:48:44.118,0,2,15,1,"Tako Setup  | Esperienza input di Windows | ⠐ Controllare stato progetto Tako e continuare sviluppo"
17:48:44.536,0,2,15,1,"Tako Setup  | Esperienza input di Windows | ⠐ Controllare stato progetto Tako e continuare sviluppo"
17:48:44.949,0,2,15,1,"Tako Setup  | Esperienza input di Windows | ⠂ Controllare stato progetto Tako e continuare sviluppo"
17:48:45.377,0,2,15,1,"Tako Setup  | Esperienza input di Windows | ⠂ Controllare stato progetto Tako e continuare sviluppo"
17:48:45.801,0,2,15,1,"Tako Setup  | Esperienza input di Windows | ⠐ Controllare stato progetto Tako e continuare sviluppo"
17:48:46.205,0,2,15,1,"Tako Setup  | Esperienza input di Windows | ⠐ Controllare stato progetto Tako e continuare sviluppo"
17:48:46.632,0,2,15,1,"Tako Setup  | Esperienza input di Windows | ⠂ Controllare stato progetto Tako e continuare sviluppo"
17:48:47.049,0,2,15,1,"Tako Setup  | Esperienza input di Windows | ⠂ Controllare stato progetto Tako e continuare sviluppo"
17:48:47.480,0,2,15,1,"Tako Setup  | Esperienza input di Windows | ⠐ Controllare stato progetto Tako e continuare sviluppo"
17:48:47.901,0,2,15,1,"Tako Setup  | Esperienza input di Windows | ⠐ Controllare stato progetto Tako e continuare sviluppo"
17:48:48.321,0,2,15,1,"Tako Setup  | Esperienza input di Windows | ⠐ Controllare stato progetto Tako e continuare sviluppo"
17:48:48.750,0,2,15,1,"Tako Setup  | Esperienza input di Windows | ⠂ Controllare stato progetto Tako e continuare sviluppo"
17:48:49.159,0,2,15,1,"Tako Setup  | Esperienza input di Windows | ⠂ Controllare stato progetto Tako e continuare sviluppo"
17:48:49.566,0,2,15,1,"Tako Setup  | Esperienza input di Windows | ⠐ Controllare stato progetto Tako e continuare sviluppo"
